date,scrap_price_wavg,scrap_price_min,scrap_price_max,scrap_price_start,scrap_price_end,scrap_price_change,scrap_price_change_pct,scrap_price_range,scrap_supply_ufo,scrap_supply_mom,scrap_supply_mom_pct
2021-01-01,27935.25,27545.0,28246.0,27967.0,28246.0,279.0,0.997604319376408,701.0,400.0,,
2021-02-01,27554.5,27158.0,28177.0,28177.0,27240.0,-937.0,-3.325407247045463,1019.0,492.0,92.0,23.0
2021-03-01,28118.064516129034,27254.0,29311.0,27254.0,29311.0,2057.0,7.547515960959859,2057.0,511.0,19.0,3.861788617886175
2021-04-01,29310.766666666666,29031.0,29418.0,29311.0,29031.0,-280.0,-0.9552727644911466,387.0,648.0,137.0,26.81017612524461
2021-05-01,29252.354838709678,28821.0,30160.0,29031.0,30160.0,1129.0,3.8889462987840586,1339.0,688.0,40.0,6.172839506172845
2021-06-01,30088.5,29662.0,30160.0,30160.0,29662.0,-498.0,-1.6511936339522546,498.0,736.0,48.0,6.976744186046502
2021-07-01,27678.387096774193,26656.0,29662.0,29662.0,26656.0,-3006.0,-10.13417841008698,3006.0,649.0,-87.0,-11.820652173913048
2021-08-01,26894.709677419356,26656.0,27339.0,26656.0,27339.0,683.0,2.5622749099639854,683.0,513.0,-136.0,-20.95531587057011
2021-09-01,26977.633333333335,26496.0,27339.0,27339.0,26496.0,-843.0,-3.083507077800944,843.0,512.0,-1.0,-0.19493177387914784
2021-10-01,27134.58064516129,26474.0,28334.0,26496.0,28334.0,1838.0,6.936896135265701,1860.0,554.0,42.0,8.203125
2021-11-01,29877.6,28778.0,31083.0,28778.0,31083.0,2305.0,8.009590659531586,2305.0,615.0,61.0,11.010830324909747
2021-12-01,29658.967741935485,28407.0,31083.0,31083.0,28407.0,-2676.0,-8.60920760544349,2676.0,603.0,-12.0,-1.9512195121951237
2022-01-01,28684.90322580645,28389.0,30078.0,28407.0,30078.0,1671.0,5.88235294117647,1689.0,334.0,-269.0,-44.61028192371476
2022-02-01,31946.964285714286,30078.0,34466.0,30078.0,34466.0,4388.0,14.588735953188378,4388.0,377.0,43.0,12.874251497005984
2022-03-01,31016.935483870966,27411.0,34466.0,34466.0,27411.0,-7055.0,-20.469448151801775,7055.0,500.0,123.0,32.62599469496021
2022-04-01,29047.3,27074.0,32061.0,27411.0,32061.0,4650.0,16.963992557732297,4987.0,426.0,-74.0,-14.800000000000002
2022-05-01,30161.129032258064,23137.0,32910.0,32061.0,23137.0,-8924.0,-27.834440597610804,9773.0,757.0,331.0,77.69953051643192
2022-06-01,20993.266666666666,19477.0,23137.0,23137.0,19477.0,-3660.0,-15.818818342913948,3660.0,290.0,-467.0,-61.69088507265521
2022-07-01,20317.451612903227,19166.0,22020.0,19477.0,22020.0,2543.0,13.05642552754531,2854.0,303.0,13.0,4.482758620689653
2022-08-01,24715.8064516129,24183.0,24946.0,24183.0,24665.0,482.0,1.9931356738204522,763.0,508.0,205.0,67.65676567656766
2022-09-01,24276.2,24155.0,24665.0,24665.0,24239.0,-426.0,-1.7271437259274276,510.0,504.0,-4.0,-0.7874015748031482
2022-10-01,24091.90322580645,22976.0,24246.0,24239.0,22976.0,-1263.0,-5.210610998803581,1270.0,569.0,65.0,12.896825396825395
2022-11-01,21758.833333333332,20770.0,22976.0,22976.0,20770.0,-2206.0,-9.601323119777158,2206.0,383.0,-186.0,-32.68892794376098
2022-12-01,20105.16129032258,19730.0,20770.0,20770.0,19743.0,-1027.0,-4.944631680308137,1040.0,255.0,-128.0,-33.420365535248045
2023-01-01,21410.451612903227,19743.0,23780.0,19743.0,23780.0,4037.0,20.447753634199465,4037.0,160.0,-95.0,-37.254901960784316
2023-02-01,25256.214285714286,23780.0,26555.0,23780.0,26555.0,2775.0,11.669470142977293,2775.0,439.0,279.0,174.375
2023-03-01,27978.354838709678,26555.0,29973.0,26555.0,29973.0,3418.0,12.871398983242328,3418.0,515.0,76.0,17.312072892938502
2023-04-01,29550.433333333334,28760.0,30037.0,29973.0,28760.0,-1213.0,-4.046975611383578,1277.0,617.0,102.0,19.805825242718456
2023-05-01,27695.774193548386,27290.0,28403.0,28403.0,27290.0,-1113.0,-3.918600147871704,1113.0,557.0,-60.0,-9.724473257698541
2023-06-01,27253.233333333334,27180.0,27298.0,27290.0,27180.0,-110.0,-0.40307805056797363,118.0,571.0,14.0,2.5134649910233398
2023-07-01,28206.645161290322,27180.0,29886.0,27180.0,29886.0,2706.0,9.955849889624723,2706.0,518.0,-53.0,-9.281961471103328
2023-08-01,30233.612903225807,29886.0,30354.0,29886.0,30326.0,440.0,1.4722612594525866,468.0,618.0,100.0,19.30501930501931
2023-09-01,30035.066666666666,29597.0,30424.0,30326.0,29597.0,-729.0,-2.403877860581679,827.0,574.0,-44.0,-7.119741100323629
2023-10-01,29788.8064516129,29527.0,30421.0,29597.0,30421.0,824.0,2.784065952630334,894.0,537.0,-37.0,-6.445993031358888
2023-11-01,29999.6,28699.0,30421.0,30421.0,28699.0,-1722.0,-5.660563426580323,1722.0,473.0,-64.0,-11.918063314711357
2023-12-01,28347.870967741936,28214.0,28699.0,28699.0,28325.0,-374.0,-1.303181295515523,485.0,264.0,-209.0,-44.18604651162791
2024-01-01,28374.483870967742,27837.0,29030.0,27837.0,29030.0,1193.0,4.2856629665553045,1193.0,157.0,-107.0,-40.53030303030303
2024-02-01,29053.241379310344,28980.0,29132.0,29030.0,29006.0,-24.0,-0.0826730967964175,152.0,243.0,86.0,54.777070063694275
2024-03-01,30147.90322580645,29006.0,31008.0,29006.0,31008.0,2002.0,6.90202027166793,2002.0,300.0,57.0,23.456790123456784
2024-04-01,31404.666666666668,31298.0,31533.0,31298.0,31533.0,235.0,0.7508466994696147,235.0,483.0,183.0,61.00000000000001
2024-05-01,31478.90322580645,31241.0,31636.0,31533.0,31241.0,-292.0,-0.9260140170614911,395.0,513.0,30.0,6.211180124223592
2024-06-01,30668.866666666665,30137.0,31241.0,31241.0,30137.0,-1104.0,-3.5338177395089785,1104.0,489.0,-24.0,-4.678362573099415
2024-07-01,29566.83870967742,28436.0,30123.0,30123.0,28436.0,-1687.0,-5.600371808916774,1687.0,514.0,25.0,5.112474437627812
2024-08-01,27063.935483870966,25624.0,28436.0,28436.0,25624.0,-2812.0,-9.88887325924884,2812.0,388.0,-126.0,-24.513618677042803
2024-09-01,24699.633333333335,24638.0,25624.0,25624.0,24661.0,-963.0,-3.7581954417733376,986.0,261.0,-127.0,-32.73195876288659
2024-10-01,25242.225806451614,24605.0,26100.0,24661.0,26082.0,1421.0,5.762134544422367,1495.0,315.0,54.0,20.68965517241379
2024-11-01,26639.466666666667,26082.0,27257.0,26082.0,27257.0,1175.0,4.50502262096465,1175.0,305.0,-10.0,-3.1746031746031744
2024-12-01,27274.129032258064,26745.0,27788.0,27257.0,27036.0,-221.0,-0.8108008951828888,1043.0,302.0,-3.0,-0.983606557377048
2025-01-01,26883.870967741936,26314.0,27198.0,27036.0,26314.0,-722.0,-2.6705133895546678,884.0,161.0,-141.0,-46.68874172185431
2025-02-01,24661.178571428572,24019.0,26314.0,26314.0,24019.0,-2295.0,-8.721593068328646,2295.0,123.0,-38.0,-23.60248447204969
2025-03-01,24281.387096774193,24019.0,24587.0,24019.0,24313.0,294.0,1.2240309754777468,568.0,177.0,54.0,43.90243902439024
2025-04-01,24114.8,23882.0,24313.0,24313.0,23990.0,-323.0,-1.3285073828815859,431.0,287.0,110.0,62.14689265536724
2025-05-01,23208.16129032258,22068.0,24241.0,23990.0,22068.0,-1922.0,-8.011671529804085,2173.0,289.0,2.0,0.6968641114982521
2025-06-01,21359.566666666666,21094.0,22068.0,22068.0,21094.0,-974.0,-4.41363059633859,974.0,264.0,-25.0,-8.650519031141869
2025-07-01,20041.58064516129,19054.0,21094.0,21094.0,19054.0,-2040.0,-9.67099649189343,2040.0,236.0,-28.0,-10.606060606060607
2025-08-01,19730.74193548387,18995.0,20159.0,19054.0,20159.0,1105.0,5.799307232077254,1164.0,248.0,12.0,5.084745762711873
2025-09-01,20544.7,20065.0,21321.0,20065.0,21321.0,1256.0,6.259656117617743,1256.0,339.0,91.0,36.693548387096776
2025-10-01,21548.74193548387,21321.0,21648.0,21321.0,21641.0,320.0,1.50086768913278,327.0,337.0,-2.0,-0.5899705014749235
2025-11-01,22181.866666666665,21641.0,22576.0,21641.0,22576.0,935.0,4.32050274941084,935.0,255.0,-82.0,-24.332344213649847
2025-12-01,22510.225806451614,21985.0,22919.0,22919.0,22202.0,-717.0,-3.1284087438369914,934.0,275.0,20.0,7.843137254901955
2026-01-01,21409.548387096773,21168.0,22202.0,22202.0,21484.0,-718.0,-3.233942888028105,1034.0,61.0,-214.0,-77.81818181818181
2026-02-01,22465.964285714286,21484.0,23123.0,21484.0,23123.0,1639.0,7.628933159560604,1639.0,101.0,40.0,65.57377049180329
2026-03-01,23191.90322580645,23097.0,23316.0,23123.0,23316.0,193.0,0.8346667819919561,219.0,170.0,69.0,68.31683168316832
2026-04-01,22637.633333333335,21884.0,23316.0,23316.0,21884.0,-1432.0,-6.1417052667696,1432.0,242.0,72.0,42.352941176470594
2026-05-01,21846.290322580644,21770.0,21946.0,21884.0,21946.0,62.0,0.2833120087735332,176.0,250.0,8.0,3.305785123966931
2026-06-01,23267.466666666667,22560.0,25213.0,22560.0,25213.0,2653.0,11.759751773049645,2653.0,339.0,89.0,35.60000000000001
2026-07-01,27620.0,25213.0,29516.0,25213.0,29516.0,4303.0,17.066592630785706,4303.0,405.0,66.0,19.469026548672574
2026-08-01,29395.478260869564,29248.0,29558.0,29516.0,29346.0,-170.0,-0.5759588020056918,310.0,483.0,78.0,19.259259259259267
