date,scrap_price_ufo
2021-01-04,27967.0
2021-01-11,27545.0
2021-01-18,27983.0
2021-01-25,28246.0
2021-02-01,28177.0
2021-02-08,27643.0
2021-02-15,27158.0
2021-02-22,27240.0
2021-03-01,27254.0
2021-03-08,27738.0
2021-03-15,28137.0
2021-03-22,28832.0
2021-03-29,29311.0
2021-04-05,29418.0
2021-04-12,29405.0
2021-04-19,29309.0
2021-04-26,29031.0
2021-05-03,28821.0
2021-05-10,29010.0
2021-05-17,29303.0
2021-05-24,29809.0
2021-05-31,30160.0
2021-06-07,30148.0
2021-06-14,30128.0
2021-06-21,30111.0
2021-06-28,29662.0
2021-07-05,28463.0
2021-07-12,27589.0
2021-07-19,26726.0
2021-07-26,26656.0
2021-08-02,26812.0
2021-08-09,26824.0
2021-08-16,26890.0
2021-08-23,26960.0
2021-08-30,27339.0
2021-09-06,27259.0
2021-09-13,26988.0
2021-09-20,26703.0
2021-09-27,26496.0
2021-10-04,26474.0
2021-10-11,26537.0
2021-10-18,27467.0
2021-10-25,28334.0
2021-11-01,28778.0
2021-11-08,29351.0
2021-11-15,30195.0
2021-11-22,30842.0
2021-11-29,31083.0
2021-12-06,30275.0
2021-12-13,29555.0
2021-12-20,29024.0
2021-12-27,28407.0
2022-01-03,28802.0
2022-01-10,28622.0
2022-01-17,28389.0
2022-01-24,28807.0
2022-01-31,30078.0
2022-02-07,31458.0
2022-02-14,32417.0
2022-02-21,33208.0
2022-02-28,34466.0
2022-03-07,33349.0
2022-03-14,30238.0
2022-03-21,28568.0
2022-03-28,27411.0
2022-04-04,27074.0
2022-04-11,27984.0
2022-04-18,30202.0
2022-04-25,32061.0
2022-05-02,32880.0
2022-05-09,32910.0
2022-05-16,30626.0
2022-05-23,25964.0
2022-05-30,23137.0
2022-06-06,21258.0
2022-06-13,20827.0
2022-06-20,20230.0
2022-06-27,19477.0
2022-07-04,19166.0
2022-07-11,19955.0
2022-07-18,20489.0
2022-07-25,22020.0
2022-08-01,24183.0
2022-08-08,24832.0
2022-08-15,24946.0
2022-08-22,24924.0
2022-08-29,24665.0
2022-09-05,24300.0
2022-09-12,24178.0
2022-09-19,24155.0
2022-09-26,24239.0
2022-10-03,24246.0
2022-10-10,24176.0
2022-10-17,24203.0
2022-10-24,23860.0
2022-10-31,22976.0
2022-11-07,21898.0
2022-11-14,21532.0
2022-11-21,21227.0
2022-11-28,20770.0
2022-12-05,20444.0
2022-12-12,20072.0
2022-12-19,19730.0
2022-12-26,19743.0
2023-01-02,20566.0
2023-01-09,20764.0
2023-01-16,21449.0
2023-01-23,22424.0
2023-01-30,23780.0
2023-02-06,24807.0
2023-02-13,25635.0
2023-02-20,26010.0
2023-02-27,26555.0
2023-03-06,27052.0
2023-03-13,27773.0
2023-03-20,28702.0
2023-03-27,29973.0
2023-04-03,30037.0
2023-04-10,29905.0
2023-04-17,29379.0
2023-04-24,28760.0
2023-05-01,28403.0
2023-05-08,27724.0
2023-05-15,27457.0
2023-05-22,27373.0
2023-05-29,27290.0
2023-06-05,27298.0
2023-06-12,27289.0
2023-06-19,27204.0
2023-06-26,27180.0
2023-07-03,27237.0
2023-07-10,27867.0
2023-07-17,28478.0
2023-07-24,29298.0
2023-07-31,29886.0
2023-08-07,30262.0
2023-08-14,30354.0
2023-08-21,30330.0
2023-08-28,30326.0
2023-09-04,30424.0
2023-09-11,30197.0
2023-09-18,29735.0
2023-09-25,29597.0
2023-10-02,29576.0
2023-10-09,29527.0
2023-10-16,29900.0
2023-10-23,29999.0
2023-10-30,30421.0
2023-11-06,30409.0
2023-11-13,30217.0
2023-11-20,29815.0
2023-11-27,28699.0
2023-12-04,28458.0
2023-12-11,28244.0
2023-12-18,28214.0
2023-12-25,28325.0
2024-01-01,27837.0
2024-01-08,28169.0
2024-01-15,28600.0
2024-01-22,28611.0
2024-01-29,29030.0
2024-02-05,29132.0
2024-02-12,28980.0
2024-02-19,29088.0
2024-02-26,29006.0
2024-03-04,29683.0
2024-03-11,29677.0
2024-03-18,30713.0
2024-03-25,31008.0
2024-04-01,31298.0
2024-04-08,31389.0
2024-04-15,31437.0
2024-04-22,31458.0
2024-04-29,31533.0
2024-05-06,31636.0
2024-05-13,31483.0
2024-05-20,31449.0
2024-05-27,31241.0
2024-06-03,31056.0
2024-06-10,30749.0
2024-06-17,30570.0
2024-06-24,30137.0
2024-07-01,30123.0
2024-07-08,29967.0
2024-07-15,29459.0
2024-07-22,29203.0
2024-07-29,28436.0
2024-08-05,27723.0
2024-08-12,27204.0
2024-08-19,26715.0
2024-08-26,25624.0
2024-09-02,24676.0
2024-09-09,24664.0
2024-09-16,24694.0
2024-09-23,24638.0
2024-09-30,24661.0
2024-10-07,24605.0
2024-10-14,25040.0
2024-10-21,26100.0
2024-10-28,26082.0
2024-11-04,26138.0
2024-11-11,26289.0
2024-11-18,27201.0
2024-11-25,27257.0
2024-12-02,27652.0
2024-12-09,27788.0
2024-12-16,26982.0
2024-12-23,26745.0
2024-12-30,27036.0
2025-01-06,27195.0
2025-01-13,27198.0
2025-01-20,26557.0
2025-01-27,26314.0
2025-02-03,25297.0
2025-02-10,24638.0
2025-02-17,24035.0
2025-02-24,24019.0
2025-03-03,24034.0
2025-03-10,24034.0
2025-03-17,24587.0
2025-03-24,24541.0
2025-03-31,24313.0
2025-04-07,24206.0
2025-04-14,24140.0
2025-04-21,23882.0
2025-04-28,23990.0
2025-05-05,24241.0
2025-05-12,23000.0
2025-05-19,22914.0
2025-05-26,22068.0
2025-06-02,21810.0
2025-06-09,21239.0
2025-06-16,21115.0
2025-06-23,21211.0
2025-06-30,21094.0
2025-07-07,20328.0
2025-07-14,19952.0
2025-07-21,19507.0
2025-07-28,19054.0
2025-08-04,18995.0
2025-08-11,19984.0
2025-08-18,20075.0
2025-08-25,20159.0
2025-09-01,20065.0
2025-09-08,20340.0
2025-09-15,20495.0
2025-09-22,21057.0
2025-09-29,21321.0
2025-10-06,21581.0
2025-10-13,21648.0
2025-10-20,21514.0
2025-10-27,21641.0
2025-11-03,21925.0
2025-11-10,22186.0
2025-11-17,22195.0
2025-11-24,22576.0
2025-12-01,22919.0
2025-12-08,22902.0
2025-12-15,22367.0
2025-12-22,21985.0
2025-12-29,22202.0
2026-01-05,21168.0
2026-01-12,21261.0
2026-01-19,21283.0
2026-01-26,21484.0
2026-02-02,21862.0
2026-02-09,22219.0
2026-02-16,22894.0
2026-02-23,23123.0
2026-03-02,23296.0
2026-03-09,23193.0
2026-03-16,23097.0
2026-03-23,23156.0
2026-03-30,23316.0
2026-04-06,23255.0
2026-04-13,22682.0
2026-04-20,21922.0
2026-04-27,21884.0
2026-05-04,21770.0
2026-05-11,21866.0
2026-05-18,21787.0
2026-05-25,21946.0
2026-06-01,22560.0
2026-06-08,22720.0
2026-06-15,23097.0
2026-06-22,24137.0
2026-06-29,25213.0
2026-07-06,26768.0
2026-07-13,27841.0
2026-07-20,28616.0
2026-07-27,29516.0
2026-08-03,29558.0
2026-08-10,29248.0
2026-08-17,29346.0
